{"name":"8097d704-8dd7-41c8-8f2d-0f6ffc58517f","id":"/providers/Microsoft.Flow/flows/8097d704-8dd7-41c8-8f2d-0f6ffc58517f","type":"Microsoft.Flow/flows","properties":{"apiId":"/providers/Microsoft.PowerApps/apis/shared_logicflows","displayName":"IT-SoftwareAntrag","definition":{"metadata":{"workflowEntityId":null,"processAdvisorMetadata":null,"flowChargedByPaygo":null,"flowclientsuspensionreason":"None","flowclientsuspensiontime":null,"flowclientsuspensionreasondetails":null,"creator":{"id":"be6305a2-fe75-4091-bcb3-99568a1cea7f","type":"User","tenantId":"30499e43-acca-4431-99e6-0f00c3b84c94"},"provisioningMethod":"FromDefinition","failureAlertSubscription":true,"clientLastModifiedTime":"2024-07-04T14:19:35.3699176Z","connectionKeySavedTimeKey":"2024-07-04T14:19:35.3699176Z"},"$schema":"https://schema.management.azure.com/providers/Microsoft.Logic/schemas/2016-06-01/workflowdefinition.json#","contentVersion":"1.0.0.0","parameters":{"$authentication":{"defaultValue":{},"type":"SecureObject"},"$connections":{"defaultValue":{},"type":"Object"}},"triggers":{"manual":{"metadata":{"operationMetadataId":"0ab4004f-c640-4eb3-abc4-3241a1c8ac68"},"type":"Request","kind":"PowerAppV2","inputs":{"schema":{"type":"object","properties":{"text":{"description":"RequestJSONValue","title":"RequestJSON","type":"string","x-ms-content-hint":"TEXT","x-ms-dynamically-added":true}},"required":["text"]}}}},"actions":{"init_varSapSystems":{"runAfter":{},"metadata":{"operationMetadataId":"7dc8a2ed-9607-4bfc-9d55-b9a1955dee01"},"type":"InitializeVariable","inputs":{"variables":[{"name":"varSapSystems","type":"array"}]}},"init_varDigitalServices":{"runAfter":{"init_varSapSystems":["Succeeded"]},"metadata":{"operationMetadataId":"afdc5751-f131-4ed6-894e-b3b1d9ceb86a"},"type":"InitializeVariable","inputs":{"variables":[{"name":"varDigitalServices","type":"array"}]}},"init_varHtmlAnswer":{"runAfter":{"init_varDefaultTextRequestEnglish":["Succeeded"]},"metadata":{"operationMetadataId":"7fa38c26-93c1-4d6a-a3da-63979fe19860"},"type":"InitializeVariable","inputs":{"variables":[{"name":"varHtmlAnswer","type":"string"}]}},"init_varWholeRequest":{"runAfter":{"init_varHtmlAnswer":["Succeeded"]},"metadata":{"operationMetadataId":"2664badc-6991-4a7e-bc24-4c5d3100899f"},"type":"InitializeVariable","inputs":{"variables":[{"name":"varWholeRequest","type":"string","value":"@triggerBody()['text']"}]}},"ParseRequest":{"runAfter":{"init_varWholeRequest":["Succeeded"]},"metadata":{"operationMetadataId":"3830a402-e0bc-450d-92b1-68658525b183"},"type":"ParseJson","inputs":{"content":"@variables('varWholeRequest')","schema":{"type":"array","items":{"type":"object","properties":{"comments":{"type":"string"},"comparisonUser":{"type":"string"},"digitalServices":{"type":"string"},"involvedUsers":{"type":"object","properties":{"costResp":{"type":"string"},"dataResp":{"type":"string"},"participant":{},"requestor":{"type":"string"}}},"powerAppUserMail":{"type":"string"},"requestLanguage":{"type":"string"},"requestType":{"type":"string"},"sapSystems":{"type":"string"},"user":{"type":"object","properties":{"company":{"type":"string"},"costposition":{"type":"string"},"eMail":{"type":"string"},"entryDate":{"type":"string"},"expirationDate":{"type":"string"},"firstName":{"type":"string"},"function":{"type":"string"},"gender":{"type":"string"},"lastName":{"type":"string"},"location":{"type":"string"},"phone":{"type":"string"},"preferredLanguage":{"type":"string"},"sapUserId":{"type":"string"},"superior":{"type":"string"}}}},"required":["comments","comparisonUser","digitalServices","involvedUsers","powerAppUserMail","requestLanguage","requestType","sapSystems","user"]}}}},"init_varRequestorProfile":{"runAfter":{"ParseRequest":["Succeeded"]},"metadata":{"operationMetadataId":"95f69a1a-be20-44be-930c-06048deb74bf"},"type":"InitializeVariable","inputs":{"variables":[{"name":"varRequestorProfile","type":"object"}]}},"init_varCostRespProfile":{"runAfter":{"init_varRequestorProfile":["Succeeded"]},"metadata":{"operationMetadataId":"06cf3340-6d30-4146-a910-a69bb795c6fe"},"type":"InitializeVariable","inputs":{"variables":[{"name":"varCostRespProfile","type":"object"}]}},"init_varDataRespProfile":{"runAfter":{"init_varCostRespProfile":["Succeeded"]},"metadata":{"operationMetadataId":"ac04d525-69f9-4398-ba05-81a93052cd39"},"type":"InitializeVariable","inputs":{"variables":[{"name":"varDataRespProfile","type":"object"}]}},"Requestor_profile_into_varRequestorProfile":{"foreach":"@outputs('ParseRequest')['body']","actions":{"Get_Requestor_profile_(V2)":{"metadata":{"operationMetadataId":"7c7ec253-f6e9-44c2-97c7-78b7f3e687bd"},"type":"OpenApiConnection","inputs":{"parameters":{"id":"@item()?['involvedUsers']?['requestor']"},"host":{"apiId":"/providers/Microsoft.PowerApps/apis/shared_office365users","connectionName":"shared_office365users","operationId":"UserProfile_V2"},"authentication":{"value":"@json(decodeBase64(triggerOutputs().headers['X-MS-APIM-Tokens']))['$ConnectionKey']","type":"Raw"}}},"Set_varRequestorProfile":{"runAfter":{"Get_Requestor_profile_(V2)":["Succeeded"]},"metadata":{"operationMetadataId":"d9d08c16-ef09-41b2-90d3-da3649ed62f4"},"type":"SetVariable","inputs":{"name":"varRequestorProfile","value":"@outputs('Get_Requestor_profile_(V2)')"}}},"runAfter":{"Join_varDigitalServices":["Succeeded"]},"metadata":{"operationMetadataId":"dcf855a4-4035-47d6-a425-24d3f9da4e49"},"type":"Foreach"},"costResp_profile_into_varCostRespProfile":{"foreach":"@outputs('ParseRequest')['body']","actions":{"Get_costResp_profile":{"metadata":{"operationMetadataId":"914fdffd-5ccc-4ce7-a8b6-6353961787dd"},"type":"OpenApiConnection","inputs":{"parameters":{"id":"@item()?['involvedUsers']?['costResp']"},"host":{"apiId":"/providers/Microsoft.PowerApps/apis/shared_office365users","connectionName":"shared_office365users","operationId":"UserProfile_V2"},"authentication":{"value":"@json(decodeBase64(triggerOutputs().headers['X-MS-APIM-Tokens']))['$ConnectionKey']","type":"Raw"}}},"Set_varCostRespProfile":{"runAfter":{"Get_costResp_profile":["Succeeded"]},"metadata":{"operationMetadataId":"20f50a44-4ecb-4db6-9fb3-3eb8f6aa90ed"},"type":"SetVariable","inputs":{"name":"varCostRespProfile","value":"@outputs('Get_costResp_profile')"}}},"runAfter":{"Requestor_profile_into_varRequestorProfile":["Succeeded"]},"metadata":{"operationMetadataId":"02f858c1-c4d2-4098-927e-4ab840ab8040"},"type":"Foreach"},"dataResp_profile_into_varDataRespProfile":{"foreach":"@outputs('ParseRequest')['body']","actions":{"Get_dataResp_profile":{"metadata":{"operationMetadataId":"ab04f686-e219-4d93-a909-1bc2368a4034"},"type":"OpenApiConnection","inputs":{"parameters":{"id":"@item()?['involvedUsers']?['dataResp']"},"host":{"apiId":"/providers/Microsoft.PowerApps/apis/shared_office365users","connectionName":"shared_office365users","operationId":"UserProfile_V2"},"authentication":{"value":"@json(decodeBase64(triggerOutputs().headers['X-MS-APIM-Tokens']))['$ConnectionKey']","type":"Raw"}}},"Set_varDataRespProfile":{"runAfter":{"Get_dataResp_profile":["Succeeded"]},"metadata":{"operationMetadataId":"441c901e-1505-4328-9444-6dd9e099c9ca"},"type":"SetVariable","inputs":{"name":"varDataRespProfile","value":"@outputs('Get_dataResp_profile')"}}},"runAfter":{"costResp_profile_into_varCostRespProfile":["Succeeded"]},"metadata":{"operationMetadataId":"e956417f-a31a-42a7-b5d5-155a153fc2cb"},"type":"Foreach"},"Store-Request-Sharepoint":{"foreach":"@outputs('ParseRequest')['body']","actions":{"Create_item_-_IT_Request_List":{"metadata":{"operationMetadataId":"44dc3a38-f201-4f46-b2f4-68f1047e9bac"},"type":"OpenApiConnection","inputs":{"parameters":{"dataset":"https://compogmbh.sharepoint.com/sites/Power-Applications-COMPO","table":"19aafcf3-e3f6-4e84-a5e8-4993f01c6de4","item/Title":"IT User & Authorization Request : @{items('Store-Request-Sharepoint')?['user']?['firstName']}@{item()?['user']?['lastName']} (@{item()?['user']?['sapUserId']})","item/field_1":"@{utcNow()}","item/field_2/Value":"Pending","item/Requestor/Claims":"@{variables('varRequestorProfile')['body']['mail']}","item/field_4/Value":"Pending","item/DataResponsible/Claims":"@{variables('varDataRespProfile')['body']['mail']}","item/field_7/Value":"Pending","item/CostResponsible/Claims":"@{variables('varCostRespProfile')['body']['mail']}","item/field_10/Value":"Pending","item/field_12":"@{variables('varParticipantProfile')['body']['mail']}","item/field_13/Value":"@{if(empty(variables('varParticipantProfile')['body']['mail']),'None','Pending')}","item/Request":"<p>IT User &amp; Authorization RequestRequest type: @{item()['requestType']} Requestor: @{variables('varRequestorProfile')['body']['givenName']}@{variables('varRequestorProfile')['body']['surname']} Cost responsible: @{variables('varCostRespProfile')['body']['displayName']}@{variables('varCostRespProfile')['body']['givenName']} Data responsible: @{variables('varDataRespProfile')['body']['displayName']}@{variables('varDataRespProfile')['body']['givenName']} Participant: @{variables('varParticipantProfile')['body']['displayName']}@{variables('varParticipantProfile')['body']['givenName']}</p><br>\n<h2>Benutzer-Info</h2>\n    <table>\n  <tbody><tr>\n    <th>SAP-User-ID</th>\n    <th>Last Name</th>\n    <th>First Name</th>\n    <th>E-mail</th>\n    <th>Company</th>\n    <th>Location</th>\n    <th>Cost center</th>\n  </tr>\n        </tbody><tbody><tr>\n            <td>@{item()?['user']?['sapUserId']}</td>\n            <td>@{item()?['user']?['lastName']}</td>\n            <td>@{item()?['user']?['firstName']}</td>\n            <td>@{item()?['user']?['eMail']}</td>\n            <td>@{item()?['user']?['company']}</td>\n            <td>@{item()?['user']?['location']}</td>\n            <td>@{item()?['user']?['costposition']}</td>\n        </tr>\n    </tbody></table>\n    <br>\n<b>Requested SAP-System</b>:     <br>\n@{if(empty(variables('varSapSystems')),'','<ul><li>')}\n@{if(empty(variables('varSapSystems')),'-',join(variables('varSapSystems'),'</li><li>'))}\n@{if(empty(variables('varDigitalServices')),'','</li></ul>')}<br>\n<b>Requested Digital Services</b>:     <br>\n@{if(empty(variables('varDigitalServices')),'','<ul><li>')}\n@{if(empty(variables('varDigitalServices')),'-',join(variables('varDigitalServices'),'</li><li>'))}\n@{if(empty(variables('varDigitalServices')),'','</li></ul>')}<br>\n<b>Comments</b>:     <br>\n@{item()['comments']}\n","item/field_15":"@{item()['requestType']}","item/field_16":"@{item()['requestLanguage']}","item/field_17":"@{item()?['user']?['firstName']}","item/field_18":"@{item()?['user']?['lastName']}","item/field_19":"@{item()?['user']?['sapUserId']}","item/UserEmail":"@{item()?['user']?['eMail']}","item/field_21":"@{item()?['user']?['company']}","item/field_22":"@{item()?['user']?['location']}","item/field_23":"@{item()?['user']?['costposition']}","item/field_24":"@{item()?['user']?['phone']}","item/field_25":"@{item()?['user']?['entryDate']}","item/field_26":"@{item()?['user']?['expirationDate']}","item/field_27/Value":"@{item()?['user']?['preferredLanguage']}","item/field_28":"@{item()?['user']?['superior']}","item/field_29":"@{item()?['user']?['function']}","item/field_30/Value":"@{item()?['user']?['gender']}","item/field_31":"@{item()['powerAppUserMail']}","item/field_32":"@{item()['sapSystems']}","item/field_33":"@{item()['comparisonUser']}","item/field_34":"@{item()['digitalServices']}","item/field_35":"@{item()['comments']}"},"host":{"apiId":"/providers/Microsoft.PowerApps/apis/shared_sharepointonline","connectionName":"shared_sharepointonline","operationId":"PostItem"},"authentication":{"value":"@json(decodeBase64(triggerOutputs().headers['X-MS-APIM-Tokens']))['$ConnectionKey']","type":"Raw"}}},"Set_varSharepointItem":{"runAfter":{"Create_item_-_IT_Request_List":["Succeeded"]},"metadata":{"operationMetadataId":"09f95924-3622-4326-8970-0784dc38ba6e"},"type":"SetVariable","inputs":{"name":"varSharepointItem","value":"@outputs('Create_item_-_IT_Request_List')"}}},"runAfter":{"participant_profile_into_varParticipantProfile":["Succeeded"]},"metadata":{"operationMetadataId":"ba422a3e-7212-4aef-bda8-da5e0e8e03c1"},"type":"Foreach"},"init_varParticipantProfile":{"runAfter":{"init_varDataRespProfile":["Succeeded"]},"metadata":{"operationMetadataId":"90eceeb1-4bc9-49ce-a9b5-4c4d9caa8e5e"},"type":"InitializeVariable","inputs":{"variables":[{"name":"varParticipantProfile","type":"object"}]}},"participant_profile_into_varParticipantProfile":{"foreach":"@outputs('ParseRequest')['body']","actions":{"check_if_Participant":{"actions":{"Get_participant_profile":{"metadata":{"operationMetadataId":"1820b1e3-416b-402f-8389-97bb6a144370"},"type":"OpenApiConnection","inputs":{"parameters":{"id":"@item()?['involvedUsers']?['participant']"},"host":{"apiId":"/providers/Microsoft.PowerApps/apis/shared_office365users","connectionName":"shared_office365users","operationId":"UserProfile_V2"},"authentication":{"value":"@json(decodeBase64(triggerOutputs().headers['X-MS-APIM-Tokens']))['$ConnectionKey']","type":"Raw"}}},"Set_varParticipantProfile":{"runAfter":{"Get_participant_profile":["Succeeded"]},"metadata":{"operationMetadataId":"5e1af1d0-bd08-42f8-8485-31985e987222"},"type":"SetVariable","inputs":{"name":"varParticipantProfile","value":"@outputs('Get_participant_profile')"}}},"else":{"actions":{"Set_empty_varParticipantProfile":{"metadata":{"operationMetadataId":"cbb9bee0-e918-4ba5-a63a-70e0187b8d48"},"type":"SetVariable","inputs":{"name":"varParticipantProfile","value":"@json('{\r\n  \"body\": {\r\n    \"hireDate\": \"\",\r\n    \"interests\": [],\r\n    \"mySite\": \"\",\r\n    \"pastProjects\": [],\r\n    \"preferredName\": \"\",\r\n    \"responsibilities\": [],\r\n    \"schools\": [],\r\n    \"skills\": [],\r\n    \"accountEnabled\": true,\r\n    \"businessPhones\": [],\r\n    \"city\": \"\",\r\n    \"companyName\": \"\",\r\n    \"country\": \"\",\r\n    \"displayName\": \"\",\r\n    \"givenName\": \"\",\r\n    \"id\": \"\",\r\n    \"jobTitle\": \"\",\r\n    \"mail\": \"\",\r\n    \"mailNickname\": \"\",\r\n    \"officeLocation\": \"\",\r\n    \"postalCode\": \"\",\r\n    \"preferredLanguage\": \"\",\r\n    \"state\": \"\",\r\n    \"streetAddress\": \"\",\r\n    \"surname\": \"\",\r\n    \"userPrincipalName\": \"\",\r\n    \"userType\": \"\"\r\n  }\r\n}')"}},"Compose":{"runAfter":{"Set_empty_varParticipantProfile":["Succeeded"]},"metadata":{"operationMetadataId":"383c62a9-2f92-4163-a15a-a93a2c2a0ed7"},"type":"Compose","inputs":"@variables('varParticipantProfile')"}}},"expression":{"and":[{"not":{"equals":["@items('participant_profile_into_varParticipantProfile')?['involvedUsers']?['participant']","@null"]}}]},"metadata":{"operationMetadataId":"23a72678-2773-4574-ba89-4ff2eed08ad8"},"type":"If"}},"runAfter":{"dataResp_profile_into_varDataRespProfile":["Succeeded"]},"metadata":{"operationMetadataId":"d1cdecf7-c92c-4d17-935a-fd5b77a6f20f"},"type":"Foreach"},"Approval-Language-English":{"foreach":"@body('ParseRequest')","actions":{"Compose-Approval_Markdown_English":{"metadata":{"operationMetadataId":"3d3ca500-bfc3-459a-9df5-db808a19309b"},"type":"Compose","inputs":"***ENGLISH***\n\n# IT User & Authorization Request  needs a answer:\n**Requestor**: @{variables('varRequestorProfile')['body']['givenName']} @{variables('varRequestorProfile')['body']['surname']}\n**Cost-Responsible**:  @{variables('varCostRespProfile')['body']['givenName']} @{variables('varCostRespProfile')['body']['surname']}\n**Data Responsible**: @{variables('varDataRespProfile')['body']['givenName']}  @{variables('varDataRespProfile')['body']['surname']}\n**Participant**: @{variables('varParticipantProfile')['body']['givenName']} @{variables('varParticipantProfile')['body']['surname']}\n**Request-Type**:  @{item()['requestType']}\n|                |                     |                     |                       |\n|----------------|---------------------|---------------------|-------------------------|\n| **SAP-User-ID** | @{item()?['user']?['sapUserId']}  | **Company** | @{item()?['user']?['company']} |\n| **Last Name** | @{item()?['user']?['lastName']} | **Location** | @{item()?['user']?['location']} |\n| **First name** | @{item()?['user']?['firstName']} | **Cost center** | @{item()?['user']?['costposition']}  |\n| **phone** | @{item()?['user']?['phone']} | **E-Mail address** | @{item()?['user']?['eMail']} |\n\n## Requested Authorizations:\n**SAP-Systems**:\n- @{body('Join_varSapSystems')}\n\n**Digital services**:\n-@{body('Join_varDigitalServices')}"},"Set_varDefaultTextRequestEnglish":{"runAfter":{"Compose-Approval_Markdown_English":["Succeeded"]},"metadata":{"operationMetadataId":"35ee86d4-c134-4f33-a391-c91d50f9358e"},"type":"SetVariable","inputs":{"name":"varDefaultTextRequestEnglish","value":"@{outputs('Compose-Approval_Markdown_English')}"}}},"runAfter":{"Store-Request-Sharepoint":["Succeeded"]},"metadata":{"operationMetadataId":"5b94801e-01a8-4105-8362-69257ac90964"},"type":"Foreach"},"appendTo_varSapSystems":{"foreach":"@outputs('ParseRequest')['body']","actions":{"Append_to_array_varSapSystems":{"metadata":{"operationMetadataId":"bfda3671-e0c2-456d-80e7-555ff2f6c885"},"type":"AppendToArrayVariable","inputs":{"name":"varSapSystems","value":"@items('appendTo_varSapSystems')['sapSystems']"}}},"runAfter":{"init_varParticipantAnswered":["Succeeded"]},"metadata":{"operationMetadataId":"6460ce67-1a3a-4903-9660-f9bcd2eca7cf"},"type":"Foreach"},"Join_varSapSystems":{"runAfter":{"appendTo_varSapSystems":["Succeeded"]},"metadata":{"operationMetadataId":"fed6425c-068f-4866-af5a-1c4e7ee61888"},"type":"Join","inputs":{"from":"@variables('varSapSystems')","joinWith":"\n- "}},"appendTo_varDigitalServices":{"foreach":"@outputs('ParseRequest')['body']","actions":{"Append_to_array_varDigitalServices":{"metadata":{"operationMetadataId":"7e2d148e-96e5-4e81-a60b-03d402b70cdf"},"type":"AppendToArrayVariable","inputs":{"name":"varDigitalServices","value":"@items('appendTo_varDigitalServices')['digitalServices']"}}},"runAfter":{"Join_varSapSystems":["Succeeded"]},"metadata":{"operationMetadataId":"48553516-ee02-43c2-9817-751ea27f1c48"},"type":"Foreach"},"Join_varDigitalServices":{"runAfter":{"appendTo_varDigitalServices":["Succeeded"]},"metadata":{"operationMetadataId":"6627bf5e-076d-4d56-9deb-fc082bc1d4b3"},"type":"Join","inputs":{"from":"@variables('varDigitalServices')","joinWith":"\n- "}},"init_varTextRequest":{"runAfter":{"init_varDigitalServices":["Succeeded"]},"metadata":{"operationMetadataId":"6780c690-848c-4dcd-acbd-ea8e9ce6187a"},"type":"InitializeVariable","inputs":{"variables":[{"name":"varTextRequest","type":"string"}]}},"init_varDefaultTextRequestEnglish":{"runAfter":{"init_varRequestTitle":["Succeeded"]},"metadata":{"operationMetadataId":"68ab44d9-2df9-4098-8326-57f0d5518abf"},"type":"InitializeVariable","inputs":{"variables":[{"name":"varDefaultTextRequestEnglish","type":"string"}]}},"Language-Text-Request":{"foreach":"@outputs('ParseRequest')['body']","actions":{"Language_is_English":{"actions":{},"else":{"actions":{"Language_is_German":{"actions":{"Compose-Approval_Markdown_German":{"metadata":{"operationMetadataId":"570d3848-3e05-494a-b4fa-dd5908cd6662"},"type":"Compose","inputs":"***DEUTSCH*** (english below)\n\n# IT Benutzer & Berechtigungsantrag braucht Ihre Antwort:\n**Antragssteller**: @{variables('varRequestorProfile')['body']['givenName']} @{variables('varRequestorProfile')['body']['surname']}\n**Kostenstellenverantwortlicher**:  @{variables('varCostRespProfile')['body']['givenName']} @{variables('varCostRespProfile')['body']['surname']}\n**Datenverantwortlicher**: @{variables('varDataRespProfile')['body']['givenName']}  @{variables('varDataRespProfile')['body']['surname']}\n**Teilnehmer**: @{variables('varParticipantProfile')['body']['givenName']} @{variables('varParticipantProfile')['body']['surname']}\n**Antrag auf**:  @{item()['requestType']}\n|                |                     |                     |                       |\n|----------------|---------------------|---------------------|-------------------------|\n| **SAP-User-ID** | @{item()?['user']?['sapUserId']}  | **Firma** | @{item()?['user']?['company']} |\n| **Name** | @{item()?['user']?['lastName']} | **Standort** | @{item()?['user']?['location']} |\n| **Vorname** | @{item()?['user']?['firstName']} | **Kostenstelle** | @{item()?['user']?['costposition']}  |\n| **Telefon-Nr** | @{item()?['user']?['phone']} | **E-Mail Adresse** | @{item()?['user']?['eMail']} |\n\n## Angeforderte Berechtigungen:\n**SAP-Systeme**:\n- @{body('Join_varSapSystems')}\n\n**Digitale Dienste**:\n-@{body('Join_varDigitalServices')}"},"Set_varTextRequestGerman":{"runAfter":{"Compose-Approval_Markdown_German":["Succeeded"]},"metadata":{"operationMetadataId":"b5416bdb-9b5b-4751-a8fb-5c445544064f"},"type":"SetVariable","inputs":{"name":"varTextRequest","value":"@{outputs('Compose-Approval_Markdown_German')}"}},"Set_varRequestTitle_German":{"runAfter":{"Set_varTextRequestGerman":["Succeeded"]},"metadata":{"operationMetadataId":"b6161a28-5a76-4211-afcd-53a7eb0df978"},"type":"SetVariable","inputs":{"name":"varRequestTitle","value":"IT Benutzer & Berechtigungsantrag"}}},"else":{"actions":{"Language_is_French":{"actions":{"Compose-Approval_Markdown_French":{"metadata":{"operationMetadataId":"47526d9a-5db7-4946-b420-1103bfb23554"},"type":"Compose","inputs":"***FRANCAIS*** (english below)\n\n# IT Demande d'utilisateur & d'authorisation nécessite votre réponse:\n**Demandeur**: @{variables('varRequestorProfile')['body']['givenName']} @{variables('varRequestorProfile')['body']['surname']}\n**Responsable des coûts**:  @{variables('varCostRespProfile')['body']['givenName']} @{variables('varCostRespProfile')['body']['surname']}\n**Responsable des données**: @{variables('varDataRespProfile')['body']['givenName']} @{variables('varDataRespProfile')['body']['surname']}\n**Participant**: @{variables('varParticipantProfile')['body']['givenName']} @{variables('varParticipantProfile')['body']['surname']}\n**Demande de**:  @{item()['requestType']}\n|                |                     |                     |                       |\n|----------------|---------------------|---------------------|-------------------------|\n| **ID-Utilisateur** | @{item()?['user']?['sapUserId']}  | **Entreprise** | @{item()?['user']?['company']} |\n| **Nom** | @{item()?['user']?['lastName']} | **Emplacement** | @{item()?['user']?['location']} |\n| **Prénom** | @{item()?['user']?['firstName']} | **Position de coût** | @{item()?['user']?['costposition']}  |\n| **Téléphone* | @{item()?['user']?['phone']} | **Adresse E-Mail** | @{item()?['user']?['eMail']} |\n\n## Autorisations demandées:\n**Systèmes SAP**:\n- @{body('Join_varSapSystems')}\n\n**Services**:\n-@{body('Join_varDigitalServices')}"},"Set_varTextRequestGerman-copy":{"runAfter":{"Compose-Approval_Markdown_French":["Succeeded"]},"metadata":{"operationMetadataId":"08f16244-14bd-4478-8eff-712542747aad"},"type":"SetVariable","inputs":{"name":"varTextRequest","value":"@{outputs('Compose-Approval_Markdown_French')}"}},"Set_varRequestTitle_French":{"runAfter":{"Set_varTextRequestGerman-copy":["Succeeded"]},"metadata":{"operationMetadataId":"d873a3f6-50a8-43cc-933e-94b71038f234"},"type":"SetVariable","inputs":{"name":"varRequestTitle","value":"IT Demande d'utilisateur & d'authorisation"}}},"else":{"actions":{}},"expression":{"and":[{"equals":["@item()['requestLanguage']","fr"]}]},"metadata":{"operationMetadataId":"20fb1415-00e4-4a6b-a0f8-49be750212a7"},"type":"If"}}},"expression":{"and":[{"equals":["@item()['requestLanguage']","de"]}]},"metadata":{"operationMetadataId":"97918955-4942-45da-80c1-281c1bb3bea8"},"type":"If"}}},"expression":{"and":[{"equals":["@items('Language-Text-Request')['requestLanguage']","en"]}]},"metadata":{"operationMetadataId":"e4265cd5-dcef-44a7-a0be-fc91b62fddd5"},"type":"If"}},"runAfter":{"Approval-Language-English":["Succeeded"]},"metadata":{"operationMetadataId":"ccd5cdd3-e8f2-4572-a904-e899b377aca5"},"type":"Foreach"},"init_varRequestTitle":{"runAfter":{"init_varTextRequest":["Succeeded"]},"metadata":{"operationMetadataId":"69724e67-16b6-45da-ada8-2f70e7c98611"},"type":"InitializeVariable","inputs":{"variables":[{"name":"varRequestTitle","type":"string","value":"IT User & Authorization Request"}]}},"Start_and_wait_for_Approval":{"foreach":"@outputs('ParseRequest')['body']","actions":{"Start_and_wait_for_an_approval":{"limit":{"timeout":"PT1M"},"metadata":{"operationMetadataId":"5e5556e5-dd1f-4930-b048-65a7cbc4ba68"},"type":"OpenApiConnectionWebhook","inputs":{"parameters":{"approvalType":"BasicAwaitAll","WebhookApprovalCreationInput/title":"@{variables('varRequestTitle')} - @{items('Start_and_wait_for_Approval')?['user']?['firstName']} @{item()?['user']?['lastName']} (@{item()?['user']?['sapUserId']})","WebhookApprovalCreationInput/assignedTo":"@{variables('varRequestorProfile')['body']['id']};@{variables('varCostRespProfile')['body']['id']};@{variables('varDataRespProfile')['body']['id']}@{variables('varParticipantProfile')['body']['id']}","WebhookApprovalCreationInput/details":"@{variables('varTextRequest')}@{variables('varDefaultTextRequestEnglish')}","WebhookApprovalCreationInput/enableNotifications":true,"WebhookApprovalCreationInput/enableReassignment":false},"host":{"apiId":"/providers/Microsoft.PowerApps/apis/shared_approvals","connectionName":"shared_approvals","operationId":"StartAndWaitForAnApproval"},"authentication":{"value":"@json(decodeBase64(triggerOutputs().headers['X-MS-APIM-Tokens']))['$ConnectionKey']","type":"Raw"}}},"Set_varApprovalAppOutput":{"runAfter":{"Start_and_wait_for_an_approval":["Succeeded"]},"metadata":{"operationMetadataId":"f349cc2c-8ad8-4d15-b3f7-a0d097c4d8ac"},"type":"SetVariable","inputs":{"name":"varApprovalAppOutput","value":"@outputs('Start_and_wait_for_an_approval')"}},"Set_varTimeOut":{"runAfter":{"Start_and_wait_for_an_approval":["TimedOut"]},"metadata":{"operationMetadataId":"3a7fe896-e66b-4976-8428-1542f9b08f2f"},"type":"SetVariable","inputs":{"name":"varTimeOut","value":true}},"timeOut_Email":{"runAfter":{"Set_varTimeOut":["Succeeded"]},"metadata":{"operationMetadataId":"83844e30-bfed-4875-bbb4-510fb5a5fc03"},"type":"OpenApiConnection","inputs":{"parameters":{"emailMessage/To":"@item()['powerAppUserMail']","emailMessage/Subject":"Timeout : @{variables('varRequestTitle')}","emailMessage/Body":"<p>A @{variables('varRequestTitle')}has not been answerded within the <b><strong>30 days deadine</strong></b> and is therefore invalid. If the request is still relevant please Fill out the form again.</p><br><p>Ein @{variables('varRequestTitle')}wurde nicht innerhalb der vorgegebenen Zeit von <b><strong>30 Tagen</strong></b> beantwortet und ist daher nicht mehr gültig. Sofern der Antrag noch relevant ist bitten wir Sie diesen erneut auzufüllen.</p>","emailMessage/Importance":"Normal"},"host":{"apiId":"/providers/Microsoft.PowerApps/apis/shared_office365","connectionName":"shared_office365","operationId":"SendEmailV2"},"authentication":{"value":"@json(decodeBase64(triggerOutputs().headers['X-MS-APIM-Tokens']))['$ConnectionKey']","type":"Raw"}}},"update_item_TimeOut":{"runAfter":{"timeOut_Email":["Succeeded"]},"metadata":{"operationMetadataId":"13bc7478-ee9a-4f02-a949-9c46032b5b4f"},"type":"OpenApiConnection","inputs":{"parameters":{"dataset":"https://compogmbh.sharepoint.com/sites/Power-Applications-COMPO","table":"19aafcf3-e3f6-4e84-a5e8-4993f01c6de4","id":"@variables('varSharepointItem')['body']['ID']","item/field_2/Value":"Aborted","item/field_4/Value":"Aborted","item/field_5":"@{utcNow()}","item/field_7/Value":"Aborted","item/field_8":"@{utcNow()}","item/field_10/Value":"Aborted","item/field_11":"@{utcNow()}","item/field_13/Value":"Aborted","item/field_14":"@{utcNow()}"},"host":{"apiId":"/providers/Microsoft.PowerApps/apis/shared_sharepointonline","connectionName":"shared_sharepointonline","operationId":"PatchItem"},"authentication":{"value":"@json(decodeBase64(triggerOutputs().headers['X-MS-APIM-Tokens']))['$ConnectionKey']","type":"Raw"}}}},"runAfter":{"Language-Text-Request":["Succeeded"]},"metadata":{"operationMetadataId":"f9864440-c347-4472-9107-0d12810100f0"},"type":"Foreach"},"init_varSharepointItem":{"runAfter":{"init_varParticipantProfile":["Succeeded"]},"metadata":{"operationMetadataId":"19bcacc3-0452-4579-ad47-dc064e6db6e3"},"type":"InitializeVariable","inputs":{"variables":[{"name":"varSharepointItem","type":"object"}]}},"init_varApprovalAppOutput":{"runAfter":{"init_varSharepointItem":["Succeeded"]},"metadata":{"operationMetadataId":"6d6ce9a3-91e9-42ae-bbcb-a3cc93da160b"},"type":"InitializeVariable","inputs":{"variables":[{"name":"varApprovalAppOutput","type":"object"}]}},"Filter_array_-_get_answerParticipant":{"runAfter":{"Filter_array_-_get_answerDataResp":["Succeeded"]},"metadata":{"operationMetadataId":"4aa4296a-9141-40f1-a1da-d61722909bc6"},"type":"Query","inputs":{"from":"@variables('varApprovalAppOutput')['body']['responses']","where":"@equals(item()['responder']['id'],variables('varParticipantProfile')['body']['id'])"}},"Filter_array_-_get_answerDataResp":{"runAfter":{"Filter_array_-_get_answerCostResp":["Succeeded"]},"metadata":{"operationMetadataId":"a3f21a3d-79b9-4403-add6-d3755313daaa"},"type":"Query","inputs":{"from":"@variables('varApprovalAppOutput')['body']['responses']","where":"@equals(item()['responder']['id'],variables('varDataRespProfile')['body']['id'])"}},"Filter_array_-_get_answerCostResp":{"runAfter":{"Filter_array_-_get_answerRequestor":["Succeeded"]},"metadata":{"operationMetadataId":"a16d8464-0e06-437e-bd3a-05bbc9b29447"},"type":"Query","inputs":{"from":"@variables('varApprovalAppOutput')['body']['responses']","where":"@equals(item()['responder']['id'],variables('varCostRespProfile')['body']['id'])"}},"Filter_array_-_get_answerRequestor":{"runAfter":{"Start_and_wait_for_Approval":["Succeeded"]},"metadata":{"operationMetadataId":"4195a781-8e58-431e-a360-d02ff10c6a8e"},"type":"Query","inputs":{"from":"@variables('varApprovalAppOutput')['body']['responses']","where":"@equals(item()['responder']['id'],variables('varRequestorProfile')['body']['id'])"}},"init_varTimeOut":{"runAfter":{"init_varApprovalAppOutput":["Succeeded"]},"metadata":{"operationMetadataId":"b1331d25-c94f-40f3-86ce-5cb9c6d844aa"},"type":"InitializeVariable","inputs":{"variables":[{"name":"varTimeOut","type":"boolean","value":false}]}},"Terminate_timeOut":{"runAfter":{"Start_and_wait_for_Approval":["Failed"]},"metadata":{"operationMetadataId":"e3b70526-27d0-4dc3-bee1-50d40bebc4a4"},"type":"Terminate","inputs":{"runStatus":"Cancelled"}},"When_ALL_Answered":{"actions":{},"runAfter":{"Scope":["Succeeded"]},"else":{"actions":{}},"expression":{"and":[{"equals":["",""]}]},"metadata":{"operationMetadataId":"1430b123-38db-4963-bf52-5085ef95bba2"},"type":"If"},"Scope":{"actions":{"Update_item_based_on_Answer_Requestor":{"foreach":"@outputs('Filter_array_-_get_answerRequestor')['body']","actions":{"answerRequestor_NOT_Pending":{"actions":{"update_Answer_Requestor":{"metadata":{"operationMetadataId":"13bc7478-ee9a-4f02-a949-9c46032b5b4f"},"type":"OpenApiConnection","inputs":{"parameters":{"dataset":"https://compogmbh.sharepoint.com/sites/Power-Applications-COMPO","table":"19aafcf3-e3f6-4e84-a5e8-4993f01c6de4","id":"@variables('varSharepointItem')['body']['ID']","item/field_4/Value":"@{item()['approverResponse']}","item/field_5":"@{item()['responseDate']}"},"host":{"apiId":"/providers/Microsoft.PowerApps/apis/shared_sharepointonline","connectionName":"shared_sharepointonline","operationId":"PatchItem"},"authentication":{"value":"@json(decodeBase64(triggerOutputs().headers['X-MS-APIM-Tokens']))['$ConnectionKey']","type":"Raw"}}},"set_varRequestorAnswered":{"runAfter":{"update_Answer_Requestor":["Succeeded"]},"metadata":{"operationMetadataId":"1534e900-7300-4f5c-af94-b4ceb630a749"},"type":"SetVariable","inputs":{"name":"varRequestorAnswered","value":true}}},"else":{"actions":{}},"expression":{"and":[{"not":{"equals":["@items('Update_item_based_on_Answer_Requestor')","Pending"]}}]},"metadata":{"operationMetadataId":"bdf014c2-c354-49a7-bb2b-e817508a7ea0"},"type":"If"}},"metadata":{"operationMetadataId":"2be370e8-7a66-4feb-a36c-24f70400017a"},"type":"Foreach","runtimeConfiguration":{"concurrency":{"repetitions":1}}},"Update_item_based_on_Answer_CostResp":{"foreach":"@outputs('Filter_array_-_get_answerCostResp')['body']","actions":{"answerRequestor_NOT_Pending_1":{"actions":{"update_Answer_CostResp":{"metadata":{"operationMetadataId":"5b0ecd54-f7d7-4fdf-9752-ebdbf624f52b"},"type":"OpenApiConnection","inputs":{"parameters":{"dataset":"https://compogmbh.sharepoint.com/sites/Power-Applications-COMPO","table":"19aafcf3-e3f6-4e84-a5e8-4993f01c6de4","id":"@variables('varSharepointItem')['body']['ID']","item/field_10/Value":"@{item()['approverResponse']}","item/field_11":"@{item()['responseDate']}"},"host":{"apiId":"/providers/Microsoft.PowerApps/apis/shared_sharepointonline","connectionName":"shared_sharepointonline","operationId":"PatchItem"},"authentication":{"value":"@json(decodeBase64(triggerOutputs().headers['X-MS-APIM-Tokens']))['$ConnectionKey']","type":"Raw"}}},"set_varCostRespAnswered":{"runAfter":{"update_Answer_CostResp":["Succeeded"]},"metadata":{"operationMetadataId":"01a48335-b7b1-47ae-99fb-3f94520a15ae"},"type":"SetVariable","inputs":{"name":"varCostRespAnswered","value":true}}},"else":{"actions":{}},"expression":{"and":[{"not":{"equals":["@items('Update_item_based_on_Answer_CostResp')","Pending"]}}]},"metadata":{"operationMetadataId":"2533b09f-ee6a-4bf4-898a-98db663b1346"},"type":"If"}},"runAfter":{"Delay5s":["Succeeded"]},"metadata":{"operationMetadataId":"67f04d54-9785-4833-823c-aa9c6c117478"},"type":"Foreach","runtimeConfiguration":{"concurrency":{"repetitions":1}}},"Update_item_based_on_Answer_DataResp":{"foreach":"@outputs('Filter_array_-_get_answerDataResp')['body']","actions":{"answerRequestor_NOT_Pending_2":{"actions":{"update_Answer_DatatResp":{"metadata":{"operationMetadataId":"3d596560-9c95-48ef-8bf1-ee70dff529ea"},"type":"OpenApiConnection","inputs":{"parameters":{"dataset":"https://compogmbh.sharepoint.com/sites/Power-Applications-COMPO","table":"19aafcf3-e3f6-4e84-a5e8-4993f01c6de4","id":"@variables('varSharepointItem')['body']['ID']","item/field_7/Value":"@{item()['approverResponse']}","item/field_8":"@{item()['responseDate']}"},"host":{"apiId":"/providers/Microsoft.PowerApps/apis/shared_sharepointonline","connectionName":"shared_sharepointonline","operationId":"PatchItem"},"authentication":{"value":"@json(decodeBase64(triggerOutputs().headers['X-MS-APIM-Tokens']))['$ConnectionKey']","type":"Raw"}}},"set_varDataRespAnswered":{"runAfter":{"update_Answer_DatatResp":["Succeeded"]},"metadata":{"operationMetadataId":"ca08fa8b-77b0-4362-a6c9-f0e07383755f"},"type":"SetVariable","inputs":{"name":"varDataRespAnswered","value":true}}},"else":{"actions":{}},"expression":{"and":[{"not":{"equals":["@items('Update_item_based_on_Answer_DataResp')","Pending"]}}]},"metadata":{"operationMetadataId":"1acbc833-983c-42bc-b535-fdde62b14e58"},"type":"If"}},"runAfter":{"Delay10s":["Succeeded"]},"metadata":{"operationMetadataId":"5dcc5355-3948-4a02-bf39-d1b1de58b0bb"},"type":"Foreach","runtimeConfiguration":{"concurrency":{"repetitions":1}}},"Update_item_based_on_Answer_Participant":{"foreach":"@outputs('Filter_array_-_get_answerParticipant')['body']","actions":{"answerRequestor_NOT_Pending_3":{"actions":{"update_Answer_Participant":{"metadata":{"operationMetadataId":"0e0e2dff-0558-483f-a873-f3783e0ba10a"},"type":"OpenApiConnection","inputs":{"parameters":{"dataset":"https://compogmbh.sharepoint.com/sites/Power-Applications-COMPO","table":"19aafcf3-e3f6-4e84-a5e8-4993f01c6de4","id":"@variables('varSharepointItem')['body']['ID']","item/field_13/Value":"@{item()['approverResponse']}","item/field_14":"@{item()['responseDate']}"},"host":{"apiId":"/providers/Microsoft.PowerApps/apis/shared_sharepointonline","connectionName":"shared_sharepointonline","operationId":"PatchItem"},"authentication":{"value":"@json(decodeBase64(triggerOutputs().headers['X-MS-APIM-Tokens']))['$ConnectionKey']","type":"Raw"}}},"set_varParticipantAnswered":{"runAfter":{"update_Answer_Participant":["Succeeded"]},"metadata":{"operationMetadataId":"7cdc414c-5d8b-41c0-b99a-e252321836fc"},"type":"SetVariable","inputs":{"name":"varParticipantAnswered","value":true}}},"else":{"actions":{"AnswerParticipant_None":{"actions":{"set_varParticipantAnswered-b":{"metadata":{"operationMetadataId":"1e3d774d-9528-4edf-836b-3a34ee8e7d1c"},"type":"SetVariable","inputs":{"name":"varParticipantAnswered","value":true}}},"else":{"actions":{}},"expression":{"and":[{"equals":["@items('Update_item_based_on_Answer_Participant')","None"]}]},"metadata":{"operationMetadataId":"b6df8a2a-d7e6-4d4b-8db4-b91131510095"},"type":"If"}}},"expression":{"and":[{"not":{"equals":["@items('Update_item_based_on_Answer_Participant')","Pending"]}},{"not":{"equals":["@items('Update_item_based_on_Answer_Participant')","None"]}}]},"metadata":{"operationMetadataId":"72c3fb23-c5d6-449b-aaaa-4cf834648413"},"type":"If"}},"runAfter":{"Delay15s":["Succeeded"]},"metadata":{"operationMetadataId":"2ada31c9-b72d-4577-b755-cf49646dbe4d"},"type":"Foreach","runtimeConfiguration":{"concurrency":{"repetitions":1}}},"Delay5s":{"type":"Wait","inputs":{"interval":{"count":3,"unit":"Second"}}},"Delay10s":{"type":"Wait","inputs":{"interval":{"count":6,"unit":"Second"}}},"Delay15s":{"type":"Wait","inputs":{"interval":{"count":9,"unit":"Second"}}}},"runAfter":{"Filter_array_-_get_answerParticipant":["Succeeded"]},"metadata":{"operationMetadataId":"8732fabb-2ab3-4fe2-b8f9-affbfc8b3c5a"},"type":"Scope"},"init_varRequestorAnswered":{"runAfter":{"init_varTimeOut":["Succeeded"]},"metadata":{"operationMetadataId":"e8dc12b2-fec3-43a1-93ea-526af3ccc945"},"type":"InitializeVariable","inputs":{"variables":[{"name":"varRequestorAnswered","type":"boolean","value":false}]}},"init_varCostRespAnswered":{"runAfter":{"init_varRequestorAnswered":["Succeeded"]},"metadata":{"operationMetadataId":"18f4303b-1359-4c09-95b0-9e6c01aadabd"},"type":"InitializeVariable","inputs":{"variables":[{"name":"varCostRespAnswered","type":"boolean","value":false}]}},"init_varDataRespAnswered":{"runAfter":{"init_varCostRespAnswered":["Succeeded"]},"metadata":{"operationMetadataId":"ed2330c4-6dd1-44f2-aa87-6fd245552340"},"type":"InitializeVariable","inputs":{"variables":[{"name":"varDataRespAnswered","type":"boolean","value":false}]}},"init_varParticipantAnswered":{"runAfter":{"init_varDataRespAnswered":["Succeeded"]},"metadata":{"operationMetadataId":"16a964ea-d646-466c-b9ae-268bccd09548"},"type":"InitializeVariable","inputs":{"variables":[{"name":"varParticipantAnswered","type":"boolean","value":false}]}}},"outputs":{}},"connectionReferences":{"shared_office365users":{"connectionName":"c4af043322ff46d5ad07eb1a61a32821","source":"Invoker","id":"/providers/Microsoft.PowerApps/apis/shared_office365users","tier":"NotSpecified"},"shared_sharepointonline":{"connectionName":"a8d4f2f8dcae45e995dc90925cd373bd","source":"Invoker","id":"/providers/Microsoft.PowerApps/apis/shared_sharepointonline","tier":"NotSpecified"},"shared_approvals":{"connectionName":"shared-approvals-490f4815-6669-4a18-a515-58ff47e6b0e1","source":"Invoker","id":"/providers/Microsoft.PowerApps/apis/shared_approvals","tier":"NotSpecified"},"shared_office365":{"connectionName":"shared-office365-f39febd3-97ab-4bd5-9051-13c7661a9316","source":"Invoker","id":"/providers/Microsoft.PowerApps/apis/shared_office365","tier":"NotSpecified"}},"flowFailureAlertSubscribed":false,"isManaged":false}}