{"schemaVersion":"1.0","appDefinitionTemplate":{"id":"/providers/Microsoft.PowerApps/apps/","type":"Microsoft.PowerApps/apps","tags":{"primaryDeviceWidth":"1366","primaryDeviceHeight":"768","supportsPortrait":"true","supportsLandscape":"true","primaryFormFactor":"Tablet","showStatusBar":"false","publisherVersion":"3.24063.22","minimumRequiredApiVersion":"2.2.0","hasComponent":"true","hasUnlockedComponent":"true","isUnifiedRootApp":"false","sienaVersion":"20240701T110944Z-3.24063.22.0"},"properties":{"appVersion":"2024-07-01T11:09:44Z","lifeCycleId":"Published","createdByClientVersion":{"major":3,"minor":24063,"build":22,"revision":0,"majorRevision":0,"minorRevision":0},"minClientVersion":{"major":3,"minor":24063,"build":22,"revision":0,"majorRevision":0,"minorRevision":0},"backgroundColor":"RGBA(0,176,240,1)","backgroundImageUri":"/11457179071934942406/Nce33911b-cb17-4f56-bbeb-032d18bb461a-logoSmallFile","displayName":"IT_Users-and-Authorization-Requests - no corporate identity","description":"","commitMessage":"","appUris":{"documentUri":{"value":"/11457179071934942406/Nbcc2406b-381c-4738-a1f2-734144e350d3-document.msapp"},"imageUris":[],"additionalUris":[{"isSolutionAware":false,"value":"/11457179071934942406/N2c4b3b8b-f616-4f51-8d59-213622f2eb2d-identity.json"}]},"createdTime":"0001-01-01T00:00:00Z","lastModifiedTime":"0001-01-01T00:00:00Z","sharedGroupsCount":0,"sharedUsersCount":0,"connectionReferences":{"aacdadce-aaee-4555-8c95-df85cc32bae1":{"id":"d3b42094-e874-4a29-94ef-07fe7f5820b5","displayName":"Power Apps for Makers","iconUri":"https://connectoricons-prod.azureedge.net/releases/v1.0.1684/1.0.1684.3697/powerappsforappmakers/icon.png","dataSources":["PowerAppsforMakers"],"dependencies":[],"dependents":[],"parameterHints":{},"parameterHintsV2":{},"isOnPremiseConnection":false,"bypassConsent":false,"dataSets":{},"apiTier":"Standard","isCustomApiConnection":false,"actions":["Get-App"]},"f53f0891-a90a-4e1c-ac09-f9983711deda":{"id":"e33393d0-0106-49a0-b5f6-43fa326c7c13","displayName":"SharePoint","iconUri":"https://connectoricons-prod.azureedge.net/releases/v1.0.1694/1.0.1694.3752/sharepointonline/icon.png","dataSources":["List_Sap-Systems","List_Services-Users","List_AppContent_IT-User-Authorizations-Requests"],"dependencies":[],"dependents":["3e63e09b-092c-4568-ab59-b8aadb5346f4"],"parameterHints":{},"parameterHintsV2":{},"isOnPremiseConnection":false,"bypassConsent":false,"dataSets":{"https://compogmbh.sharepoint.com/sites/Power-Applications-COMPO":{"dataSources":{"List_Sap-Systems":{"tableName":"485182e2-8518-47bf-a7fb-aa3fe76459d8"},"List_Services-Users":{"tableName":"d84cb13c-1f5b-42cc-a891-1e9b0ee6f96b"},"List_AppContent_IT-User-Authorizations-Requests":{"tableName":"801ff224-4914-4617-b393-fad7d9f26501"}}}},"apiTier":"Standard","isCustomApiConnection":false,"actions":["providers/PowerPlatform.Governance/Operations/Read"]},"85939244-e964-42b7-9188-5cbe4201c838":{"id":"9eeda664-ef63-4aef-9933-936b92f24a9f","displayName":"Office 365 Users","iconUri":"https://connectoricons-prod.azureedge.net/releases/v1.0.1694/1.0.1694.3752/office365users/icon.png","dataSources":["Office365Users"],"dependencies":[],"dependents":[],"parameterHints":{},"parameterHintsV2":{},"isOnPremiseConnection":false,"bypassConsent":false,"dataSets":{},"apiTier":"Standard","isCustomApiConnection":false,"actions":["SearchUserV2","Manager"]},"3e63e09b-092c-4568-ab59-b8aadb5346f4":{"id":"af542032-a0fb-48d1-af07-c6170e7cfdb1","displayName":"Logic flows","iconUri":"https://connectoricons-prod.azureedge.net/releases/v1.0.1697/1.0.1697.3784/logicflows/icon.png","dataSources":["IT-SoftwareAntrag"],"dependencies":["f53f0891-a90a-4e1c-ac09-f9983711deda"],"dependents":[],"parameterHints":{"workflowName":{"value":"419037da-46aa-4b0d-9dd5-92a8e97363c5"},"workflowEntityId":{},"workflowDisplayName":{"value":"IT-SoftwareAntrag"},"f53f0891-a90a-4e1c-ac09-f9983711deda":{"value":"shared_sharepointonline"}},"parameterHintsV2":{"workflowName":{"value":"419037da-46aa-4b0d-9dd5-92a8e97363c5"},"workflowEntityId":{},"workflowDisplayName":{"value":"IT-SoftwareAntrag"},"shared_sharepointonline":{"value":"f53f0891-a90a-4e1c-ac09-f9983711deda"}},"isOnPremiseConnection":false,"bypassConsent":false,"dataSets":{},"apiTier":"Standard","isCustomApiConnection":false,"nestedActions":[{"id":"/providers/Microsoft.PowerApps/apis/shared_office365users/apiOperations/UserProfile_V2","apiName":"Office 365 Users","actionName":"UserProfile_V2","referencedResources":[]},{"id":"/providers/Microsoft.PowerApps/apis/shared_sharepointonline/apiOperations/PostItem","apiName":"SharePoint","actionName":"PostItem","referencedResources":[{"key":"site","value":"https://compogmbh.sharepoint.com/sites/Power-Applications-COMPO"},{"key":"list","value":"19aafcf3-e3f6-4e84-a5e8-4993f01c6de4"}]}]}},"databaseReferences":{},"almMode":"Environment","performanceOptimizationEnabled":false,"canConsumeAppPass":false,"enableModernRuntimeMode":false,"executionRestrictions":{"isTeamsOnly":false,"dataLossPreventionEvaluationResult":{"status":"Compliant","lastEvaluationDate":"2024-07-01T11:09:45.8614099Z","violations":[],"violationsByPolicy":[],"violationErrorMessage":"The app uses the following connectors: shared_powerappsforappmakers, shared_sharepointonline, shared_office365users, shared_logicflows."},"httpActionRestriction":{"appUsesSharepointHttpAction":false,"enforcementStrategy":"Legacy","evaluationTime":"2024-07-01T11:09:45.8612974Z"}}},"appType":"ClassicCanvasApp","appComponents":[]}}